{"boundaryID":"UKR-ADM1-2_0_1-G585","boundaryISO":"UKR","boundaryYear":2017.0,"boundaryType":"ADM1","boundarySource-1":"OpenStreetMap","boundarySource-2":"Wambacher","boundaryLicense":"Open Data Commons Open Database License 1.0","licenseDetail":"Open Data Commons Open Database License 1.0","licenseSource":"https:\/\/www.openstreetmap.org\/copyright","boundarySourceURL":"https:\/\/wambachers-osm.website\/boundaries\/","boundaryUpdate":"2020-01-16","downloadURL":"https:\/\/geoboundaries.org\/data\/geoBoundaries-2_0_1\/UKR\/ADM1\/geoBoundaries-2_0_1-UKR-ADM1-all.zip"}